{"cameraMode":{"drawMode":0,"name":"Shaded","section":"Shading Mode"},"sceneLighting":false,"audioPlay":false,"sceneViewState":{"showFog":false,"showMaterialUpdate":false,"showSkybox":false,"showFlares":false,"showImageEffects":false,"showParticleSystems":false},"in2DMode":false,"pivot":{"x":-4.329087734222412,"y":7.005385398864746,"z":-7.521369457244873},"rotation":{"x":0.07002663612365723,"y":0.1903364658355713,"z":-0.013612721115350724,"w":0.9791240692138672},"size":8.090675354003907,"orthographic":true}