{"cameraMode":{"drawMode":0,"name":"Shaded","section":"Shading Mode"},"sceneLighting":false,"audioPlay":false,"sceneViewState":{"showFog":false,"showMaterialUpdate":false,"showSkybox":false,"showFlares":false,"showImageEffects":false,"showParticleSystems":false},"in2DMode":false,"pivot":{"x":-0.1488332748413086,"y":5.480796813964844,"z":0.17030155658721925},"rotation":{"x":0.07002663612365723,"y":0.1903364658355713,"z":-0.013612721115350724,"w":0.9791240692138672},"size":7.141970634460449,"orthographic":true}