{"cameraMode":{"drawMode":0,"name":"Shaded","section":"Shading Mode"},"sceneLighting":false,"audioPlay":false,"sceneViewState":{"showFog":false,"showMaterialUpdate":false,"showSkybox":false,"showFlares":false,"showImageEffects":false,"showParticleSystems":false},"in2DMode":false,"pivot":{"x":-0.38115525245666506,"y":0.3956347703933716,"z":0.1872415542602539},"rotation":{"x":0.21592599153518678,"y":-0.4014474153518677,"z":0.09798453748226166,"w":0.8846568465232849},"size":1.4221198558807374,"orthographic":false}