{"cameraMode":{"drawMode":0,"name":"Shaded","section":"Shading Mode"},"sceneLighting":false,"audioPlay":false,"sceneViewState":{"showFog":false,"showMaterialUpdate":false,"showSkybox":false,"showFlares":false,"showImageEffects":false,"showParticleSystems":false},"in2DMode":false,"pivot":{"x":0.6467971801757813,"y":5.460718631744385,"z":-1.585566759109497},"rotation":{"x":0.07002663612365723,"y":0.1903364658355713,"z":-0.013612721115350724,"w":0.9791240692138672},"size":7.998127460479736,"orthographic":true}