{"cameraMode":{"drawMode":0,"name":"Shaded","section":"Shading Mode"},"sceneLighting":false,"audioPlay":false,"sceneViewState":{"showFog":false,"showMaterialUpdate":false,"showSkybox":false,"showFlares":false,"showImageEffects":false,"showParticleSystems":false},"in2DMode":false,"pivot":{"x":0.0,"y":1.0750808715820313,"z":1.2927080392837525},"rotation":{"x":0.08595302700996399,"y":0.08805491030216217,"z":-0.007626707665622234,"w":0.992371678352356},"size":1.4485576152801514,"orthographic":true}