{"cameraMode":{"drawMode":0,"name":"Shaded","section":"Shading Mode"},"sceneLighting":false,"audioPlay":false,"sceneViewState":{"showFog":false,"showMaterialUpdate":false,"showSkybox":false,"showFlares":false,"showImageEffects":false,"showParticleSystems":false},"in2DMode":false,"pivot":{"x":0.0,"y":1.1404396295547486,"z":-0.000316619873046875},"rotation":{"x":-0.09241554886102677,"y":0.8968890905380249,"z":-0.22406123578548432,"w":-0.3699283301830292},"size":14.209906578063965,"orthographic":false}